[
  {
    "title": "Test Title",
    "text": "Test text"
  },
  {
    "id": "91d5e6ae-82d9-495a-8e3e-387535536bcc",
    "title": "sDrv",
    "text": "fvdf"
  },
  {
    "id": "40b18da8-fa16-4056-b2f6-05fce94ee276",
    "title": "sDrv",
    "text": "fvdf"
  },
  {
    "id": "947d1aa3-423d-4f73-90d6-8aeea4f2e18a",
    "title": "sDrv",
    "text": "fvdf"
  },
  {
    "id": "c0ccd6cc-3707-49f5-93a9-ec5ce498dd33",
    "title": "sDrv",
    "text": "fvdf"
  },
  {
    "id": "37915293-9785-4ccb-a094-e454c4c1fd2a",
    "title": "sDrv",
    "text": "fvdf"
  },
  {
    "id": "e923e429-c337-42e0-a5e3-f124831c892b",
    "title": "sDrv",
    "text": "fvdf"
  },
  {
    "id": "d349065e-9c64-4286-9d01-0e24bfc078e9",
    "title": "sDrv",
    "text": "fvdf"
  },
  {
    "id": "eaaab269-af3f-4bf0-a4ca-78089a369ab5",
    "title": "sDrv",
    "text": "fvdf"
  },
  {
    "id": "c5c25a4f-c5e5-4d10-b937-857f5a19bfc2",
    "title": "first note",
    "text": "it works "
  },
  {
    "id": "827e82df-83b7-4bca-8194-0b42849b8a62",
    "title": "sd",
    "text": "zdsfv"
  },
  {
    "id": "cdf1d0ba-9875-47fa-b7cc-839381b9f64e",
    "title": "zdfbdf",
    "text": "fdgbzsd"
  },
  {
    "id": "9ba399b7-1323-4612-bef3-f7b1e7e567d8",
    "title": "Testttt",
    "text": "djfvdf"
  },
  {
    "id": "5a926146-63b1-4744-8431-c3320a729990",
    "title": "Peter ",
    "text": "is working"
  }
]